<?xml version="1.0" encoding="UTF-8" standalone="yes"?><ns3:SubmitObjectsRequest xmlns:ns2="urn:oasis:names:tc:ebxml-regrep:xsd:rs:3.0" xmlns="urn:oasis:names:tc:ebxml-regrep:xsd:rim:3.0" xmlns:ns4="urn:ihe:iti:xds-b:2007" xmlns:ns3="urn:oasis:names:tc:ebxml-regrep:xsd:lcm:3.0" xmlns:ns5="urn:oasis:names:tc:ebxml-regrep:xsd:query:3.0"><RegistryObjectList><ExtrinsicObject mimeType="text/xml" objectType="urn:uuid:7edca82f-054d-47f2-a032-9b2a5b5186c1" id="urn:uuid:b3739a27-0227-4c42-810f-a1f3b90c65f2"><Slot name="creationTime"><ValueList><Value>20200901</Value></ValueList></Slot><Slot name="languageCode"><ValueList><Value>en-US</Value></ValueList></Slot><Slot name="serviceStartTime"><ValueList><Value>202008311855</Value></ValueList></Slot><Slot name="sourcePatientId"><ValueList><Value>6895680^^^&amp;1.3.6.1.4.1.22812.4.10166765.0&amp;ISO</Value></ValueList></Slot><Slot name="sourcePatientInfo"><ValueList><Value>PID-3|6895680^^^&amp;1.3.6.1.4.1.22812.4.10166765.0&amp;ISO</Value><Value>PID-5|SUTTON^MYRNA^L^^</Value><Value>PID-7|19380217</Value><Value>PID-8|F</Value><Value>PID-11|36 AUTUMN DRIVE^^FOUR OAKS^NC^27524^</Value></ValueList></Slot><Slot name="hash"><ValueList><Value>2E405129EDCC1F18DDA856D1EC66129ACB8F00AD</Value></ValueList></Slot><Slot name="size"><ValueList><Value>138414</Value></ValueList></Slot><Slot name="URI"><ValueList><Value>DOC00001.XML</Value></ValueList></Slot><Name><LocalizedString value="History and Physical Note"/></Name><Classification classificationScheme="urn:uuid:93606bcf-9494-43ec-9b4e-a7748d1a838d" classifiedObject="urn:uuid:b3739a27-0227-4c42-810f-a1f3b90c65f2" nodeRepresentation="" id="c101"><Slot name="authorPerson"><ValueList><Value>12976^Ancion^Rebecca^^^^^^&amp;1.3.6.1.4.1.22812.4.10166765.0&amp;ISO</Value></ValueList></Slot><Slot name="authorInstitution"><ValueList><Value>Horizon Family Medical, PA; Smithfield^^^^^&amp;1.3.6.1.4.1.22812.4.10166765.0&amp;ISO</Value></ValueList></Slot><Slot name="authorRole"><ValueList><Value>Provider</Value></ValueList></Slot><Slot name="authorSpecialty"><ValueList><Value>General Medicine</Value></ValueList></Slot></Classification><Classification classificationScheme="urn:uuid:41a5887f-8865-4c09-adf7-e362475b143a" classifiedObject="urn:uuid:b3739a27-0227-4c42-810f-a1f3b90c65f2" nodeRepresentation="34133-9" id="c102"><Slot name="codingScheme"><ValueList><Value>classCode</Value></ValueList></Slot><Name><LocalizedString value="Summarization of episode note"/></Name></Classification><Classification classificationScheme="urn:uuid:f4f85eac-e6cb-4883-b524-f2705394840f" classifiedObject="urn:uuid:b3739a27-0227-4c42-810f-a1f3b90c65f2" nodeRepresentation="N" id="c103"><Slot name="codingScheme"><ValueList><Value>Connect-a-thon confidentialityCodes</Value></ValueList></Slot><Name><LocalizedString value="Normal"/></Name></Classification><Classification classificationScheme="urn:uuid:a09d5840-386c-46f2-b5ad-9c3699a4309d" classifiedObject="urn:uuid:b3739a27-0227-4c42-810f-a1f3b90c65f2" nodeRepresentation="urn:hl7-org:sdwg:ccda-structuredBody:2.1" id="c104"><Slot name="codingScheme"><ValueList><Value>Connect-a-thon confidentialityCodes</Value></ValueList></Slot><Name><LocalizedString value="History and physical note"/></Name></Classification><Classification classificationScheme="urn:uuid:f33fb8ac-18af-42cc-ae0e-ed0b0bdb91e1" classifiedObject="urn:uuid:b3739a27-0227-4c42-810f-a1f3b90c65f2" nodeRepresentation="33022008" id="c105"><Slot name="codingScheme"><ValueList><Value>Connect-a-thon healthcareFacilityTypeCodes</Value></ValueList></Slot><Name><LocalizedString value="Hospital-based outpatient clinic or department--OTHER-NOT LISTED"/></Name></Classification><Classification classificationScheme="urn:uuid:cccf5598-8b07-4b77-a05e-ae952c785ead" classifiedObject="urn:uuid:b3739a27-0227-4c42-810f-a1f3b90c65f2" nodeRepresentation="394814009" id="c106"><Slot name="codingScheme"><ValueList><Value>Connect-a-thon practiceSettingCodes</Value></ValueList></Slot><Name><LocalizedString value="General practice"/></Name></Classification><Classification classificationScheme="urn:uuid:f0306f51-975f-434e-a61c-c59651d33983" classifiedObject="urn:uuid:b3739a27-0227-4c42-810f-a1f3b90c65f2" nodeRepresentation="34117-2" id="c107"><Slot name="codingScheme"><ValueList><Value>LOINC</Value></ValueList></Slot><Name><LocalizedString value="34117-2"/></Name></Classification><ExternalIdentifier registryObject="urn:uuid:b3739a27-0227-4c42-810f-a1f3b90c65f2" identificationScheme="urn:uuid:58a6f841-87b3-4a3e-92fd-a8ffeff98427" value="6895680^^^&amp;1.3.6.1.4.1.22812.4.10166765.0&amp;ISO" id="ei01"><Name><LocalizedString value="XDSDocumentEntry.patientId"/></Name></ExternalIdentifier><ExternalIdentifier registryObject="urn:uuid:b3739a27-0227-4c42-810f-a1f3b90c65f2" identificationScheme="urn:uuid:2e82c1f6-a085-4c72-9da3-8640a32e42ab" value="1.3.6.1.4.1.22812.4.10166765.0.1^202009011316019" id="ei02"><Name><LocalizedString value="XDSDocumentEntry.uniqueId"/></Name></ExternalIdentifier></ExtrinsicObject><RegistryPackage id="urn:uuid:a14cc811-7d05-485e-acb5-3f4a7f0095bd"><Slot name="submissionTime"><ValueList><Value>20200901171620</Value></ValueList></Slot><Slot name="intendedRecipient"><ValueList><Value>||^^Internet^careplanmanager@direct.circlelinkhealth.com</Value></ValueList></Slot><Name><LocalizedString value="Submission Set"/></Name><Description><LocalizedString value="This Submission Set contains an Allscripts Clinical Exchange Document"/></Description><Classification classificationScheme="urn:uuid:a7058bb9-b4e4-4307-ba5b-e3f0ab85e12d" classifiedObject="urn:uuid:a14cc811-7d05-485e-acb5-3f4a7f0095bd" nodeRepresentation="" id="c108"><Slot name="authorPerson"><ValueList><Value>^Ancion^Rebecca</Value></ValueList></Slot><Slot name="authorInstitution"><ValueList><Value>Horizon Family Medical, PA; Smithfield^^^^^&amp;1.3.6.1.4.1.22812.4.10166765.0&amp;ISO</Value></ValueList></Slot><Slot name="authorRole"><ValueList><Value>Provider</Value></ValueList></Slot><Slot name="authorSpecialty"><ValueList><Value>General Medicine</Value></ValueList></Slot><Slot name="authorTelecommunication"><ValueList><Value>^^Internet^reginaryan@hfmpa.allscriptsdirect.net</Value></ValueList></Slot></Classification><Classification classificationScheme="urn:uuid:aa543740-bdda-424e-8c96-df4873be8500" classifiedObject="urn:uuid:a14cc811-7d05-485e-acb5-3f4a7f0095bd" nodeRepresentation="34133-9" id="c109"><Slot name="codingScheme"><ValueList><Value>Connect-a-thon contentTypeCodes</Value></ValueList></Slot><Name><LocalizedString value="Summarization of episode note"/></Name></Classification><ExternalIdentifier registryObject="urn:uuid:a14cc811-7d05-485e-acb5-3f4a7f0095bd" identificationScheme="urn:uuid:96fdda7c-d067-4183-912e-bf5ee74998a8" value="1.3.6.1.4.1.22812.4.10166765.0.44075.7196869.49" id="ssei01"><Name><LocalizedString value="XDSSubmissionSet.uniqueId"/></Name></ExternalIdentifier><ExternalIdentifier registryObject="urn:uuid:a14cc811-7d05-485e-acb5-3f4a7f0095bd" identificationScheme="urn:uuid:554ac39e-e3fe-47fe-b233-965d2a147832" value="1.3.6.1.4.1.22812.4.10166765.0" id="ssei02"><Name><LocalizedString value="XDSSubmissionSet.sourceId"/></Name></ExternalIdentifier><ExternalIdentifier registryObject="urn:uuid:a14cc811-7d05-485e-acb5-3f4a7f0095bd" identificationScheme="urn:uuid:6b5aea1a-874d-4603-a4bc-96a0a7b38446" value="6895680^^^&amp;1.3.6.1.4.1.22812.4.10166765.0&amp;ISO" id="ssei03"><Name><LocalizedString value="XDSSubmissionSet.patientId"/></Name></ExternalIdentifier></RegistryPackage><Classification classifiedObject="urn:uuid:a14cc811-7d05-485e-acb5-3f4a7f0095bd" classificationNode="urn:uuid:a54d6aa5-d40d-43f9-88c5-b4633d873bdd" id="cl10"/><Association associationType="urn:oasis:names:tc:ebxml-regrep:AssociationType:HasMember" sourceObject="urn:uuid:a14cc811-7d05-485e-acb5-3f4a7f0095bd" targetObject="urn:uuid:b3739a27-0227-4c42-810f-a1f3b90c65f2" id="as01"><Slot name="SubmissionSetStatus"><ValueList><Value>Original</Value></ValueList></Slot></Association></RegistryObjectList></ns3:SubmitObjectsRequest>